[
    {
        "movie_name": "The Shawshank Redemption",
        "director": "Frank Darabont",
        "year": 1994,
        "genre": "Drama",
        "rating": 9.3
    },
    {
        "movie_name": "The Godfather",
        "director": "Francis Ford Coppola",
        "year": 1972,
        "genre": "Crime",
        "rating": 9.2
    },
    {
        "movie_name": "The Dark Knight",
        "director": "Christopher Nolan",
        "year": 2008,
        "genre": "Action",
        "rating": 9.0
    },
    {
        "movie_name": "Pulp Fiction",
        "director": "Quentin Tarantino",
        "year": 1994,
        "genre": "Crime",
        "rating": 8.9 
    },
    {
        "movie_name": "Forrest Gump",
        "director": "Robert Zemeckis",
        "year": 1994,
        "genre": "Drama",
        "rating": 8.8
    },
    {
        "movie_name": "Inception",
        "director": "Christopher Nolan",
        "year": 2010,
        "genre": "Sci-Fi",
        "rating": 8.7
    },
    {
        "movie_name": "The Matrix",
        "director": "Lana Wachowski, Lilly Wachowski",
        "year": 1999,
        "genre": "Sci-Fi",
        "rating": 8.0
    },
    {
        "movie_name": "Fight Club",
        "director": "David Fincher",
        "year": 1999,
        "genre": "Drama",
        "rating": 8.8
    },
    {
        "movie_name": "Schindler's List",
        "director": "Steven Spielberg",
        "year": 1993,
        "genre": "Biography",
        "rating": 8.9
    },
    {
        "movie_name": "The Lord of the Rings: The Fellowship of the Ring",
        "director": "Peter Jackson",
        "year": 2001,
        "genre": "Adventure",
        "rating": 8.8
    }
]
